,
ZCV ," ZCV - Convenience Package - $2,900.00 <!----><!----><!----></div><div _ngcontent-wpn-c277="""" class=""ng-star-inserted"">"
ZCP,"ZCP - Competition Package - $2,500.00 <!----><!----><!----></div><div _ngcontent-wpn-c277="""" class=""ng-star-inserted"">"
ZP2,"ZP2 - Premium Package 2 - $2,500.00 | 4MY - Carbon Leather Interior Trim <!----><!----><!----></div><div _ngcontent-wpn-c277="""" class=""ng-star-inserted"">"
ZP3,"ZP3 - Premium Package 3 - $2,500.00 | 4MY - Carbon Leather Interior Trim <!----><!----><!----></div><div _ngcontent-wpn-c277="""" class=""ng-star-inserted"">"
ZCW,"ZCW - Cold Weather Package - $1,000.00 <!----><!----><!----></div><div _ngcontent-wpn-c277="""" class=""ng-star-inserted"">"
,
223,"223 - Dynamic Damper Control - $1,000.00  <!----><!----><!----></div><div _ngcontent-wpn-c277="""" class=""ng-star-inserted"">"
2MK,"2MK - M Double-Clutch Transmission - $2,900.00 <!----><!----><!----></div><div _ngcontent-wpn-c277="""" class=""ng-star-inserted"">"
403,"403 - Moonroof - $1,050.00 <!----><!----><!----></div><div _ngcontent-wpn-c277="""" class=""ng-star-inserted"">"
2MT,"2MT - 19"" Alloy Double-Spoke Wheels - $1,250.00 <!----><!----><!----></div><div _ngcontent-wpn-c277="""" class=""ng-star-inserted"">"
,
4MY,"4MY - Carbon Leather Interior Trim - $500.00 <!----><!----><!----></div><div _ngcontent-wpn-c277="""" class=""ng-star-inserted"">"
4MX,"4MX - Blue Gray Brushed Aluminum Trim - $500.00 <!----><!----><!----></div><div _ngcontent-wpn-c277="""" class=""ng-star-inserted"">"
4MZ,"4MZ - Sycamore Anthracite Wood Trim - $500.00 <!----><!----><!----></div><div _ngcontent-wpn-c277="""" class=""ng-star-inserted"">"
771,"771 - Titanium Shadow Trim - $0.00 <!----><!----><!----></div><div _ngcontent-wpn-c277="""" class=""ng-star-inserted"">"
XE8,"XE8 - Black Piano Interior Trim - $1,080.00 <!----><!----><!----></div><div _ngcontent-wpn-c277="""" class=""ng-star-inserted"">"
,
,"326 - Rear Spoiler Deletion - $0.00  <!----><!----><!----></div><div _ngcontent-wpn-c277="""" class=""ng-star-inserted"">"
417,"417 - Manual Side Shade/Power Rear Sunshade - $575.00 <!----><!----><!----></div><div _ngcontent-wpn-c277="""" class=""ng-star-inserted"">"
465,"465 - Split-Fold Down Rear Seat - $475.00 <!----><!----><!----></div><div _ngcontent-wpn-c277="""" class=""ng-star-inserted"">"
494,"494 - Heated Front Seats - $500.00 <!----><!----><!----></div><div _ngcontent-wpn-c277="""" class=""ng-star-inserted"">"
5AC,"5AC - Automatic High Beams - $250.00 <!----><!----><!----></div><div _ngcontent-wpn-c277="""" class=""ng-star-inserted"">"
,
609,"609 - Navigation System - $2,150.00 <!----><!----><!----></div><div _ngcontent-wpn-c277="""" class=""ng-star-inserted"">"
6FL,"6FL - iPod & USB Adapter - $400.00 <!----><!----><!----></div><div _ngcontent-wpn-c277="""" class=""ng-star-inserted"">"
639,"639 - BMW Assist w. Bluetooth - $750.00 <!----><!----><!----></div><div _ngcontent-wpn-c277="""" class=""ng-star-inserted"">"
,
,"7H8 - Mobile Phone Preparation With Usb <!----><!----><!----></div><div _ngcontent-wpn-c277="""" class=""ng-star-inserted"">"
655,"655 - Satellite Radio - $350.00 <!----><!----><!----></div><div _ngcontent-wpn-c277="""" class=""ng-star-inserted"">"
6NR,"6NR - BMW Apps - $250.00 <!----><!----><!----></div><div _ngcontent-wpn-c277="""" class=""ng-star-inserted"">"
752,"752 - Enhanced Premium Sound - $1,900.00 <!----><!----><!----></div><div _ngcontent-wpn-c277="""" class=""ng-star-inserted"">"
507,"507 - Rear Park Distance Control - $380.00 <!----><!----><!----></div><div _ngcontent-wpn-c277="""" class=""ng-star-inserted"">"
302,"302 - Alarm System - $500.00 <!----><!----><!----></div><div _ngcontent-wpn-c277="""" class=""ng-star-inserted"">"
,
DC,"<!----><!----><!----></div><div _ngcontent-wpn-c277="""" class=""ng-star-inserted""> DC - Destination Charge - $875.00"
GZ,"<!----><!----><!----></div><div _ngcontent-wpn-c277="""" class=""ng-star-inserted""> GZ - Gas Guzzler Tax - $1,300.00"